-- MariaDB dump 10.17  Distrib 10.4.12-MariaDB, for Linux (x86_64)
--
-- Host: localhost    Database: Civi
-- ------------------------------------------------------
-- Server version	10.4.12-MariaDB

/*!40101 SET @OLD_CHARACTER_SET_CLIENT=@@CHARACTER_SET_CLIENT */;
/*!40101 SET @OLD_CHARACTER_SET_RESULTS=@@CHARACTER_SET_RESULTS */;
/*!40101 SET @OLD_COLLATION_CONNECTION=@@COLLATION_CONNECTION */;
/*!40101 SET NAMES utf8mb4 */;
/*!40103 SET @OLD_TIME_ZONE=@@TIME_ZONE */;
/*!40103 SET TIME_ZONE='+00:00' */;
/*!40014 SET @OLD_UNIQUE_CHECKS=@@UNIQUE_CHECKS, UNIQUE_CHECKS=0 */;
/*!40014 SET @OLD_FOREIGN_KEY_CHECKS=@@FOREIGN_KEY_CHECKS, FOREIGN_KEY_CHECKS=0 */;
/*!40101 SET @OLD_SQL_MODE=@@SQL_MODE, SQL_MODE='NO_AUTO_VALUE_ON_ZERO' */;
/*!40111 SET @OLD_SQL_NOTES=@@SQL_NOTES, SQL_NOTES=0 */;

--
-- Table structure for table `posts`
--

DROP TABLE IF EXISTS `posts`;
/*!40101 SET @saved_cs_client     = @@character_set_client */;
/*!40101 SET character_set_client = utf8 */;
CREATE TABLE `posts` (
  `postNo` int(11) NOT NULL AUTO_INCREMENT,
  `msg` text COLLATE utf8mb4_unicode_ci NOT NULL,
  `img` blob DEFAULT NULL,
  `userNo` int(11) DEFAULT NULL,
  `title` varchar(50) COLLATE utf8mb4_unicode_ci DEFAULT NULL,
  `time` timestamp NOT NULL DEFAULT current_timestamp() ON UPDATE current_timestamp(),
  PRIMARY KEY (`postNo`),
  KEY `userNo` (`userNo`),
  CONSTRAINT `posts_ibfk_1` FOREIGN KEY (`userNo`) REFERENCES `users` (`userNo`)
) ENGINE=InnoDB AUTO_INCREMENT=10 DEFAULT CHARSET=utf8mb4 COLLATE=utf8mb4_unicode_ci;
/*!40101 SET character_set_client = @saved_cs_client */;

--
-- Dumping data for table `posts`
--

LOCK TABLES `posts` WRITE;
/*!40000 ALTER TABLE `posts` DISABLE KEYS */;
INSERT INTO `posts` VALUES (1,'test',NULL,1,'test','2020-03-19 19:39:03'),(2,'test2',NULL,1,'test2','2020-03-19 21:18:19'),(3,'admintest',NULL,1,'admintest','2020-03-19 21:37:02'),(4,'make me dinner!',NULL,1,'Paige !','2020-03-20 00:27:22'),(5,'what is happening?',NULL,1,'ok','2020-03-20 02:44:38'),(8,'WHYYYYY','\0JFIF\0\0\0\0\0\0\0C\0\n\n\n\r\r\0C		\r\r\0\0\0\"\0\0\0\0\0\0\0\0\0\0\0\0	\n\0\0\0\0}\0!1AQa\"q2#BR$3br	\n\Z%&\'()*456789:CDEFGHIJSTUVWXYZcdefghijstuvwxyz\0\0\0\0\0\0\0\0	\n\0\0\0w\0!1AQaq\"2B	#3Rbr\n$4%\Z&\'()*56789:CDEFGHIJSTUVWXYZcdefghijstuvwxyz\0\0\0?\0Lt\n(\n(\nBKE\0Tl>7Ut+µ.a|)(cC/͞jm-YyވϹEoGOCq1(I<b׼{c	98Λqj1JD*G=M=rM/yJ{H\n֕֘/\"(lrPsWLDxF7>o=JY H\0W:7/g>Lt\0vj·kcčUKȫ*eq^v+{>VxOq+6O&(+dvZ\"̹ܺ\nOZ}աVxQ\\ջA\\2!c}k{WʘX&(*zѾ0xS27&Zz毤YZ<B%^8 s\\v\0Oj\'nUn7Uk␗R9xU&Oxx˔:σmEfe$Macὒiht# zWE:jSwW5KxR(TFFzV<O7XHXQ\\y#6NjiSk(\0(_?<7O>#%Z \".$I\r\'\'duzcBeHǠ{׆xn$R?\08I<.~^ ϭܢOZH2c)^X\0yACy:OBBkJ|=JT(sTſN\ZƿlЅP\\}s\Zg}k[F{pN{zsg۸DsUt7ȺYڥVW1VL)ў힌kS(J];+xkY\"ʟu|r:qϲ\\\0ewf\0N\r2 xC2\n=ite\"̩7O5~\Zͫߛuif`*wg\\`\0ULd[j&~x_aaD#)^}^١㌎ZOěB+<\0܏8^9%7<=	^. k2bYr]9ݻTRC?Ğ;n6U\\uBІatAkЭmyjmVOu5S^f`v6iSdyZ[/i9&OHZX\r+Wڱp݉SXsmy?Lz̛7aNjv^NQ._iEwiil$Ԟm 2o+ں\ZJIIX	IA5ֽ̋kk5m*e)\"\"h+ֆ-ݎᵿREO3@-St+EMo(4ө\ZN!(6ycERpn!{+x\nI\'ҿ\0nBUmd\rlm,`cqǫ7\'?jςumGa(\"JN:ϥ~A_\\J[snb{s\\ilӏ3DPnqE8\"-7ơɞG֮|\"\\:z	W^V+RS~]2\0NNJ_\0j(+͎A\0?ʽ?(15VlUF\ng5f{P\Z\ZGçw~lN?6AO|q[BC4@y}z\\׭h>$kYԗsF+OER\ra#;O~+ou]D=x5h__746o6<gWmza\'\nKl5y{sjdm$Zbb4yx<4Li{_L46zG+n sW~ɿλ[C^ZW]2r	S^3m9\0WR$,ٞMZiJx|1lݚܱԏ<\Z-c*-6\\c^\\\0\n-MjvZlݴ*\Zyo;\rOCG.rʸ-m\0zRèS嵴=NIB(;טtEZG>4YG \Z<U!NyQ{<M\n&;{V5yw#\"|Sv@\r?]㺍8v:ӼNi+H\rtWk2Z\Z+apr?S_Q:?:U\0#HÖ\'񨎼/]Y<UsKhT?\'_<|q4i	,j7yqé ;\'c4yi-5=PtO65]5J\' m@p8<{וQ՞\r{e-{>$i*#gn=(٧9^/E??xLep;{דvMƬ7|5a,Cj\'᎘z5˂=+ٴ=1#S+t]V\r)]B3`t[kelGPʔVGЫO3?vN9\\+JЀz+KW<Wegi)GFzQ	.gey:kIsޝkwsI|^d7*\\֊HX-9\\Dt#tl0G~e^vlLYc<WL_P\\*UE~w|e>\':N9xkl+8Ne:|C7NV;KX^iebG\\s_YjZH]`V&<{q_#-tt\'9ofb\0?-lYc؎r9VUh\')=k7\Z$9~`~+>(^[9LiRIlh\nہ$9$5<Bc+j2=8%1QkjYGhIyעqK@f<U-֝Raӡ\Zʜ3YV\'\r7=4V4ңF\rÚװfd@x7Q|\ruqV<ʑ˚nO\'irר)sn} 5qk|Mro7RqRCu49ʚyTIx x3%1j~S%_z֧qxX̀ň%Wy\0nyM&ocl&2!_2ik7+W,@\031\nGY5:{Qbe-۽|~=\0\"Vim\r/$E6%Ӡr\Z+Z4F7TQ:\\\ZSA=lDҴ?\rii_za\\gu{m\rFn-8p}5Z7bem#ڲ5hWȌKйDy؝I(m;\\$?5wg\0=cN}r\0oGrO0\n#@3=qBt2=ۈz=v\nZp[,m+NӇV򊕒^[SxTm1lv/L\0u\'/\r@ڶB9k7y2&_9m$0\0Gʸqo^=4;ʣ҄Z[Tש+;ormv_H	=͌x^sZON]NL/me[IՃG,QC`0xu;]2FfKH~UE@k\0\rQxѦ\nGWBSn}v֡&Qvk	m.ZFmvs]_U=7=quoqk#8<_[*Y֖.?!zO:jI`=Ҕs5s\ZMD$74=hO]vb/PV/#rdQ&r1ZRoqZ:5](^Q6&f΀Yx3f{9g `S­M}qֵWh(0U3Ef^zs^U\ZGq+hSEzvD(^hVAز\re9Wr1z\n⌎Eiub׺(yyR+	eP}Wr+9E\"K\'΁^:w:>(sþ\'mմ(<?,OH)d;+ 2MEtepFrBᶨ}MTF!T?\'fyo;8WɼּYW,ƌwe)#8?vxX ?\\lJk%tQ@RV9(㌞c?cj+ʅR aϘ@Z;Tu2C:DeUkCN<=z]]r1j8<d\040Ƕ1;W^7go;syToMVd$+_ƴp%΋{7=_Ūi$ɀʺ[dqҦM`SNlO\0R~Gҧg,YWdOz>6z\"x\'a?\\W:84 EzdL43Ur@ c#Ê;f\074i?wZ,qjx猾8iZμe5Wx[!cOZƟ<x-ʜ>&Ty|CçJ[~d2p[}GOb51Gvrrp@5Oj(MD?\' -&$Vl++EXÏ.~)9%WU$գxH][3+˥yTXdھQ`WNIvJ\ng.E$\ZgN~ǃm\rit\rd\0E\0z\n1Aε/#WZk<Id#vEx߈ƕsW\nûëh%]z{WtB`:jZrx8JFx*Wy}VDiڊq~m`c֊Պg0+5HּZ\05$ןS8\'FkdF6#Pk(z-MZC((.˄V\0CWg&uxIm/!KiF9A+Ζm7/|O?~Z휆瑣qԒAyCTWk5lr+ڧ,4%`pY9񶝿E׭^Lg~68>ĊNFzľ#hr\rR21ܚџFK$\0>ZTSPe`58;}j)ToV-.-Ծx2^l0MH1?׮I@EsuϖF7~j\Zwĩ=[r=YmS\r~ngwnk<7d`M.@qָfSH\'.Oy=c_KM>vd®rx¾2^!uaB]I{~U_!?^PړE<js)Á@5߄JrzF\"H}oKJ	VǗ !@Ἔ67/?gh6Pkz-ڈVhC*\0T\n\'Y Kxʬi#\ZG2䴹hR]JmпҸuQnzᦸeo(Ԕ4;A8&˩	`;k-zԯ8պ^ɶK=DI^#72z\ZgOH&szx%N<𦢶f1yZwT8W67	PAkt!7#JW2<=:oA(\n	Y2	V^(,[1mIZKҬf_kuzn0cV!T*:U,5ZDKt>0΅{\Z-h[%F	F8\\1a_J._x$w\nWbHS8*G־&cJ^s#>.be^@u#4M]BQ\rs\0ׯGqx7H{m+z}se6n\\\n_Ϛ$\n$@!˹rci3[^*1\\~&Zr?LU)_y2V폥b-GB+j\Z\0\'xp+j2|N°-<%aX=xN-v66㝆Yoq9TǈN{!ZHy2yioq*),zn.\reyqV\0im!>\"x^slPX\01O~Wj\Z^_@M~l\0q\'I,$jE^?w(_b?\rO_\"Hἁc\\9^st[/=O^BN+楇3sMݚWK\\Mʋz-ғW%,%NL|\'4٭s`:<VktI#3V۟q^k|\\]r3z.vr5+z^@ʤ`ܤ\0hf@eDc8ƌ\0VNu\'=wRLMO<6{ص&	y![?\Z)0Է\"SobZTj:\nZe!t\\~\'hhT}[zT	F0O_^kZS<vQ_{y}2*\0(G+i7+\'\ZEv8:T_rp$xachE8˙ۡޗjXyBcko:K}ϰBP}ZН5焪pw57\\A5KrL.c޸NkJvV6Ў>b8!rŕy\'<Wsbdyd;R(c+׼lW!\Zm	\0v{40qRt]jxX[%?+?|DҼmBL\ZDF}$!ߚM\0C%pL8yXwf+IapDq@Qw+}9KvV\'B!Vu5Au򳗀>dҔdVNϘǵUl$?Py:tudy\0\\Gr	~|\'{ԟb,G\n7wvצGq$b[Y㹍@ߍS><G\Z+Sqh!ygZi+sk\\Ψ~Q˹#s=7R(yoՅs;Js61cZn\\5jv8Mhsm5;I]lMtXܪMFNklQ{vyjI(˺Q\\gcMVR \'scT5]P֫.Qc]Ƹ{-Q{\'f9w|w\0{W7%B\nX	+YFnO#o~>a\"ąH\\!xw9 /[rWݴ8<[ǰmhd\n\nʳO|`p>\'e{}Ѹ׮bb8jq/8~f?۩2iIPs|B0O>xq,2,l<Y֭k\ZX>6	謔%t&8߈3׉[ӮE\0N#~^i\"7S>ki9 g1L\Z\'PkIA%qZ4E,֞Sm\nn e݀2>RG5Ob#)wDa%įawc8) W7w!i=Mr>$Fe{iD[Rp{ui&-m,xSrqJkߺz\\k^\rM24	/~g(־x\rMJ{{@!FB\'WoYh,H=\0lzo<O}ob1\"mu8 ¬)<v7MuX[0ZFgfs>kn2,89L	k\Z^F\0rdu>gr6zq]oPK{Y\'H#f\\)/1geR-=D$K,&PX18q\0Mdhda!BW yKKQdJN\"\0*OA޴%TI28*\0nHJviHcQYB99<*{mJ k*%9*Jyb $m~oOF?+^ĳL^vc\Z.	ۍsuZ=4UKA;\'IԼ?uKS_[kDLr##=3[0\n#Et<h{Jqy],B=~qkJ;yEJϻN8G<C9[瀧^wZ}AwA0+8*WjNTF4@$\\po\'vh5֪6k*1N7-VxEX;Q\\6j5	d$-\0pWQA\'^A7W\r±V<6s$L9\\pH;vd^+8\ZXeټ/8=#{{,XܻA<yT+D\nAjm*ٱ1\Ző 㢎}*c22JL\'N^DԞy2Y1sLrsޘl>V @qZI\rC@AVP	=+oñlaNÜ\"ulqu%ҙ0Hx_*Fcl\"=OqYe0 a\n?g&2\r\r`O\0Zn9wybޡ`\'<nՖ4O1rTWHR0f	䎿6s\"!fBw=Jù(ecw;?q<V͔Ry[ZFa|m9h 9\0Ym%U1#s>wK\'-bM!<#n~ޞ\nDW54/*uInaD~3/^@HqrqywݜKH͸OlԶzFVKs#ޒn6AH.*J2cnz]gF4eF\'N	V5R]j6syI5m$rG_Ϡ(biLiEɆPmliaoϧ\"ҠEmucCr3\\uIK$\nX8`sYL!\Z0İ#lLGhŲqXTmP@v%J߇vѳ4ϻ,KNIi\'o\\.Ѫ	7r~\'}j-Fygx.a32p{֝/Eo$#s`e:cq[))9,U?_:G3R1O4~{\nAO@z GLKhR\'z=Ƶ8צfT[M^$gs[-QTx0ްTVT\'=Ⱦx\"\nʙBEy>k&EEr$9\n ^uA%Bw{zv5j^,Y(fVP\r>vQJڡOx\']GCoo!g8\r3Ԏ\0eWQ#H3F?hH|hH#\0gkm7LªGP66ZR0\0w7#\'隭y-ȹ]WXzTOeªJ1p};J~Hdexd\\ <āO\0^}4\r،G8PyVݣy8[gt2#F#\rݽih)?rKrx~U6b.g0%Ԇ\'e_68\0 }OEui,\nZi!HPm:uӊKv#bs0+\'3ϦkU/`M`<vñ&;1\05tċZ1ȷ(,d=M:[(+Y,n2̜c#WPYmL[n,Ho<_ҖOyA`b˶n,HV#2PW33yU\r[V-@ar1=n)ijzZ	+ɻ1\' qߧ,1G\rh|c%`\\	I?Jmu2n$3+&py<{W+m,ea!8޴{bWδ04#Xě\"O=te3BM2iFv: \\f.LhbV$-;sRbieⓦ~`p#˗\'w\0AUde%8UǞÏr&	(-\'*aϿi>`Tm] s=qT̎5KO4&2AX>y湉FٚXHi2s3׎\0:moumYWdc\"v\08װ;WULY[b\nI<`2lo_^|pufk\\r>Jk1[\'f{\Z>fY_5dۡ*互1ZI7DRyRb\\>曪[\0JCMRGug;.&JU[FIsE|X}ψ.RyQX1s䓌\'9[iz̦H!ZI	 qqװEJ<(վqEyS\ngB1?\nԌ\'9<4QR2)9IeOP\\s UbI1\"c\\LhKGAuX\'\'#\"8\0kýOm$(P$}psE\nm-hy\"/˓2H=y=9|:KwV\"ngwLqEEyjY2\0VO)l`qux5kd>d8ԓz㑜j(+s\r;|ێ1GmX\\JI0Wq##8rKqo+4bܴ[s\nf`C~2;qN+8졖8n:\0\0Y19\'yhf5ek<I2/@89rbL&S;%;E>5xJBRӍPJ19{7AXз{dLA\nGr:\r9#2m!dV̲EͭNxZ[ZQGp#XC{	6qҊ({\nUd8ە+%*SG c?W$TI_ׅ~\0-MQ_B+l',1,'WHY ','2020-03-27 07:34:44'),(9,'THIS ON ETOO HAHAHAHA','\0C\0\n\r	\n\n\r\r\Z\Z\Z\0C\Z\Z\Z\Z\Z\Z\Z\Z\Z\Z\Z\Z\Z\Z\Z\Z\Z\Z\Z\Z\Z\Z\Z\Z\Z\Z\Z\Z\Z\Z\Z\Z\Z\Z\Z\Z\Z\Z\Z\Z\Z\Z\Z\Z\Z\Z\Z\Z\Z\Z\Z\0\0\0\"\0\0\0\0\0\0\0\0\0\0\0\0\0\0\0\0<\0\0\0\0!1A\"Qaq2#BR$3Cb4rS\0\0\0\0\0\0\0\0\0\0\0\0\01\0	\0\0\0\0\0\0!1AQ\"aq#23\0\0\0?\0KMPH3\Zz^C,T)e.;_YIdR)hKeO\r*v{[&{E&QCW®v#qU<\"Y2:\"75R[pq(\rƶUjwG$m3(]{E2kMUM$E3+;A`ml0t&SRg?xg0`ƶ./\n~JJ2ʝRg\\n\nL-?\nVM!B2UG֐*7cJECӹkPm>Q*}0Q&jL9;~cm\r{n{GY]%DS#M\0;ַpHW%\nt(	4sJ,h*B!$\\wƵ.ӟU\nX]BMpY^S=67/JQt[\\S	\\(m_ܜi2Z،uTFF\"8c$YWQD\0kc<:2HH\0B+Q9EI[˖O\Z^rcSo	{a1^ٷP{9a>,o2{7}𱺕>Tb=b8JmDk>_2Y>cS4F6Tk%[=UGj=S2-kY>A\nMCK\ZKU~/{	cu=A<xgf>X/XUS׸i՝8 %iFq.aYi)\07 n0UՐUUELt Fc*xsxC_{y-)ehs ,d\0`vߜ+L7r$I\'Cn-U:6YRZUvoy\Z|:U\"s1`m߸S|xi[SԣsǮ5sRȱ:\\\ZCn܍m׷Hʙ+~ͺC2|(gsߒUr¾Zn	n|KU]ղi_\"\")cZ׹Vnw(2-$K<scB@ӵlf<+m\"z?sLrj\'xU+]	#х,5=\Zy0<Zt-ԑ|?cJ]AWZ VRg+G@S2	i6+]0K+եM*~!f̗VUYcOԕZ5zx\"A>e)\ZZUUR/@m+sM(0\n\0>e&ݣ46pyԹt΄yǮV_9zmMR,`^GT)[/n3Yj2JMqTG.smߜrzUItZ\0X`u\rSG Gw7Fdqȧ-zڔ)v\0p15#%M\"X|TLފ9k{c.+x3|\'1\Zcj9;ȗ[G=Fg-OG5Ns[c|D5Mp7[:iA*B#.]A;/\n~*YԮT-l*s4j-wKh\'0vyYEKjeo{CG2,IgPI\0I|,=EI\",&\0k\"MG,0\Z4 Em»{d;?=*&\rDn!N*iY)0yI#IN[R<P%Hl6$nny:3܍a`S\"/qb}z~)̮urv\nx\0^Zݷo<I,<zK(E2Hkak;\Z)\'՚u5N_E%غI.u(H]pr1zNxdG\nUjlk1&V;όeM}-}+yS\0{a\'2SU\ZUb4!܀x/U=,iFxnʋIapyƨrXفA6=\':uk(ؘҲi9t\0L}M<e5ma(\0	vsǣh\n9\Z+*\0)rIo2%<s|IYjQ\0bG{c:C|L\0,LՑ\0؝?I5&y%V^5i~>Y4NEb5(y\'zQ)jVl`B&ğl<|U%}Pwe&U`s{`y\'\"\\(F\0lI꺼14Cu	3_\0p=w7h(z2ȂeHXz\\!3X	IC[MCO!撢&zSj$3JHU]ۏ|RƲP1}\0W7\0/X۞3?_(r9DčU\\5.J*DpUx%N5Mc@c,5M#{2r7zʘNl\0B{soOL0UWFKM	\"9Ћ\rڭǦcיh/PG:I{3#\"B=7:աzmP-z|v$1a!|hcIiĴcaNUN[Ő-\\,Y\n-ʃv\r.ܕUbf_T\ZoY7:݁&ܾj`<\0.A\08eD@dVeжuS[kp;\0iQFnϊ̾C0C9wb{O[aYWFeKR\ZiF	?+T) ^5#ͧo\rC_KG9U/ɯHЄ	mA@\"k%@]GZÃ$_HQ;\'`;$;dˏ2$[#zr$@#xĝ^B`5bS Tf6Ul8ff\",6؃ks_2GT-roM͐Cg~!#>2]Yp 4%obl3V>hp-k\0?3\n.Tے=CV|4\"yȍ>j:jZYV\0H(,F7R\0/6$pF(Ti\'d,K)?E@+@C=t壅Aag\Zt;bCYQ;,I,jZjiX\Z=uRJ*=@KyFߓ</8+Nj4ƥ	*A7Gi}b^D\ZKf1H_8#[Q&H YfK&[,<pfC}nR,Y]?;.6>8NbIc\'Y$}c\n:zhZ*sR\ZU_(?B\0LwUDlF#H[v\\͒HeKQF#mǯ\rDja5Ǒ߂5̠DtwX\0HZw%Ffrv\'|R>\Z-8I̀O?1fEqp~Il8Jg:\0	w2*S*1f3,$%̟0ʪZfg\"F<}oTChI\0b(\\ܝ14K1\n#u1!i4Ә;1=ۋllDE]\"F早|_Cf457}L${PaLz\0	\Z6X}<B)EyQl\\CvGpopP)Q$ַ\\mpl 7UMVLiGmΝ@skͻԴ?^Zzפ]4?i\',׸}1Bnxqu?l6!|XD6\nZĭ\0asYO\'߰ú\'~;g^?eNi;m|GwZ\nЎ2s{bvre\Z`=KKDKVrd+K݅||$^\Z#!eco6M=NmW{SAJw$5(oO5\'bx](r\ZJ!}pNua\r5ZR\Ziy4tK[F>3e &:QȽ罹&\"Et2˦śOi\"L55{G#ZP{_{yPJ\'^Grϭ{Ue\0p!8J3H)j[+<46ܝ>j)|7hi;T`DN׹/ssܣ2z*:8-J5a͸ӣ:os5}Ŕ? 	r8v:AkQGQ\Z,?SpoZӴAX])G,.5UO	\0N\\Yc>vz&cvbvbob1M\'6\"|CW:̲&o<;A÷UYFtU>c9l85Sk\\b]6c ,LCFcH\n/ͭ1KUMEsM@s]SgUjZҫ5Evl>=3KeQΉO[r1\\1NSOR[C<q7#Y6{cYYuyTi)_i..GV$%KAIkpk(WI2|Z)Q(Ь\0ykm|{,u#H;Vl,9lD)A\0\"V}<\\bc<ex]icȊE\'|Nigc\"11:>¥m\'!-cUJu\0}\\\0=qDiy>*-V?R\"ZĞlq5*ki#U1Z`i;jCcU\0@\'\ZZ0u:\r+hNDk[\0u\0=)|*\\s~!Su4յPd1]eK]^Ѥ	؜S#E륊:ĞpUTHWUɓvwoS5+^&tI3,SSSH4[a\07-TJj*b!p@߮:w)&dTD<aMǛ~9⁣h\n,`i3o8zjL%Ϫf\ZWS	RoqCeԡDpe۾<)$E+kLRIT\Z\0Lzkb4tz\'Ӭ}64P}bz\'*lsrZIܾρ:$7\0̡:o8\\,TBFOno鉟L:|(SL5D~kl;0z߸6[Κ7ɲ:;¦	JȽml_c59QV0{H=1俅}?JPuٜrx4#!ٛmk\\X땁\n\nKL,7p=`	hUBif~QhIPGnGq|*ѫ\Z\'b13L;2J|chUmv)Fus7ldd\n$-{~ޘʡIN`ZbaĨ\r@U~EURZ\rD Zw#a/TC,&G>dՇǦ\Z4j!}IKsihZxh]dv큕ڝc͞Զ|%e !$!]B!Vq\ZX\\2-#{7<h.<gCc{\0ŘF7?{lTtC&o\"2)@l+..,1l!ZzO_:\Zśr=vc>8i`\0b2#ĩ\"[\ZǛ}1*<\Z%Q9\0;t%|D}H9@zW@uh&`sc\ru\rcMWY6ŭk`jua^}m5G2Ob{|Kux]fyG&\0.Ht!.$sg!@mM($6 {zĂElB-La6I6FG=i*TI_u\\~\0jV9ew즅Hi]|Qb}A@1=EqJڪ䆂bHIk`إjdPGVYH `\rě6-?lNybv7;:Q\rğ&ާ0m_3Q0jּoecw;؟eg5.A=cYR,VCrO:)X9Z8Mn9,LēS8N.*ۻ{\0<ҥ|겶2\n5K4WS<PjɡqO@-\rygc;xt-f]#KoQ؍#rXᚰ3=Ge@s&|Ʋ\\`*2`m7߽o\\pB0`.C!2;`z\"wh2*긪g?#rTGTn.?LQy+k:zU:	\09rj%F40F{XԯYZ0rp1,QR%[#xvٮ{SnJ\0$s_<{Y,u0h\Z7߰8XzK\0-QȪbfYLՐm0_fCG%Ą}wӼ-ƓC4TVx\0|rj22Ū_RwR#*ƈHApC6]mD`-\0	Ʃ9U\0r~ci2n8H笄$R\r[ܝQ4Y5+Ȗ˰kb+Z\"FH䏦>ouK\\JFޔUhJp8m=KL\"#IY5%9:}))h]\0lEUeGk\0l1]Z3QuMeb*DJeA]\\rlS~U-ZHSI\0@YF\0bqb\rS3TA]*yi\"IĵF?3c56!UmR\Z\Z9H}퀴]sW2>Ш4@ncir.˨&G0B!!-؀)꼗&j2JI)TH3<f\0o;N(\'`^\rf{HJTX~m07zi~N4.ܞcAk*˙\'5\0ߵž<8#\"m1PZ}w-P/gΜi2hMJ7by&?ODvp\'%|bc`H~^OI\rln417lbQ61>Dy;#&<smj\\<=>ɰ/k7{bfQU4	v͈l}*raRUW=915an52e\"(l?j<6\ZMy3/³fy<&f\0﵍Ǡzf\r9Cmw瑇*D|n)V80igBi\"k0c?|fSDa\0Ms`VlʕΔ&0VfSYD-\Z\0no%}ot&kA^i6?Ϸ8)W1fv1h\":uxz%pIΊ[鉌H`K,boWCh^Buyn<uc/\0y.{nN؊꿩Utݝ鲸KIXKOc-b	Cԕl	WPԴ.Y&}\rq~zGԥn57~r~kip\0WQ&%4cs|ͨja+,(T6Iƨ}qřI.aè#{9a#q$SP`} Aĵyr8衢)ZRK(pǩz\r:5PEb[t؏ėk6}p=\'oZ8$ j|HFQ-{qU<qfιӡ+Qqwmpw(`zd@ <\rmf:\"1̺!U;FrLQTD4)nY@XhS{vv8#ex@\0p}M3PҘU_\\-Xc2Xq^(i^66ۨvL!,]~ϩdjXZw-b]UٵJKS24FM+XW|ydy$\n(y۟N6	]yP:n,YUP0#S.jHY!c1fזBrH[k<R#QiV0Te+2$bQ/#=T`i_$wo(\'}cuM\rh@Gm8WO~}1*(BŇfwҤI6ڎj4GW!؆6}=m-lQY*&㴛9\0β\0žvNɩ4E$bbvrn0/P9:zഅ;\00.CWY*xl4FG\"ۏChb\\:z\\R8Ca \0}ķR{P)Y]/b,=En4Puej*~=Ǧ3i& ~y<ʪ7?o\\+͗GEW@Ҷ3!Z	Ei6]̡ΖigV}\0\r4U1	1l|Dꌾ	)?ؑ)\ZuZe>cdhtݦs7:mo_l>5:G0+[ч!c\0_GZBDܰ}qg\0W˷>b@lb\0Vz`*{~Y2Vm\Z؍b4ڃ^Bj%#p7\0eI	Rqu<-c<UITib\Z\ruP#\\*LJzǬ詤H93J*y4q{\Zq@h78xgB=$s|qE^-4sԸKدEanq[-U4m#`xMTyj%9\r=UB%k1۷{a!ɍt\\0jc&)\'w.7Mc6/&cMW] V\0f=FW+k}p[PX#mBlRX\rpN }*!I2e7\r%v)\rPcuŅ\"6}qdx4e-qL4qp5~	8Vr6ayp?\nE~LY$\'z`RtNwDrG kZAGד3khn$ĕ%\ngDcߌdC\0^Rfy뤦oE\Z! XGm:xV.@$jvkrvk\\fiRWI=T<3_qD|夭cd#q:\0t/ǋ%Mz4c:=B9^⩣R@\'m@oq>b釘!5`ucU{c.hXk*ّ%%ب?R5ҫ+d	^G&skPHM]r-qsJ\"^m#*MZ̧+(zX7gX@#6Ae7+\0P;aHb*{HC?y$3Hd 4`mp\r]PLK#E#~ToaϿ|W*[M?Tr܇CbmogY\0RJo`9=wFQ湒\0jעyJ6(zFA<IE,eH<X,Q8y4\r\\7q\nhhOh],.:mN[,O\rZދ\ZX)^+(;ΦfeUv<Jt]1$Q5usS:.1\rnwP,[,qيwqXPPr?=PZk$`JQUШ(}\095Dmqky?Uj$;؋<|sU+WƘٮ7m13d8\rjdc@b{M{1QJ`ڪ2WQT=Ig\r};?',1,'THIS ONE','2020-03-27 07:37:14');
/*!40000 ALTER TABLE `posts` ENABLE KEYS */;
UNLOCK TABLES;

--
-- Table structure for table `replies`
--

DROP TABLE IF EXISTS `replies`;
/*!40101 SET @saved_cs_client     = @@character_set_client */;
/*!40101 SET character_set_client = utf8 */;
CREATE TABLE `replies` (
  `replyNo` int(11) NOT NULL AUTO_INCREMENT,
  `replymsg` text COLLATE utf8mb4_unicode_ci NOT NULL,
  `image` blob DEFAULT NULL,
  `time` timestamp NOT NULL DEFAULT current_timestamp() ON UPDATE current_timestamp(),
  `postNo` int(11) DEFAULT NULL,
  `userNo` int(11) DEFAULT NULL,
  `visibility` int(11) DEFAULT NULL,
  PRIMARY KEY (`replyNo`),
  KEY `postNo` (`postNo`),
  KEY `userNo` (`userNo`),
  CONSTRAINT `replies_ibfk_1` FOREIGN KEY (`postNo`) REFERENCES `posts` (`postNo`),
  CONSTRAINT `replies_ibfk_2` FOREIGN KEY (`userNo`) REFERENCES `users` (`userNo`)
) ENGINE=InnoDB AUTO_INCREMENT=13 DEFAULT CHARSET=utf8mb4 COLLATE=utf8mb4_unicode_ci;
/*!40101 SET character_set_client = @saved_cs_client */;

--
-- Dumping data for table `replies`
--

LOCK TABLES `replies` WRITE;
/*!40000 ALTER TABLE `replies` DISABLE KEYS */;
INSERT INTO `replies` VALUES (1,'first reply',NULL,'2020-03-27 04:28:15',1,1,1),(2,'Enter text here...',NULL,'2020-03-27 05:38:17',5,1,0),(3,'hi paige',NULL,'2020-03-27 04:28:15',5,NULL,1),(4,'big ol test here',NULL,'2020-03-27 05:39:13',5,1,0),(5,'another thread test!',NULL,'2020-03-27 04:28:15',2,1,1),(6,'WOWWW I CAN\'T BELIEVE IT WORK!',NULL,'2020-03-27 05:39:30',5,1,NULL),(7,'ok...',NULL,'2020-03-27 05:39:38',5,1,NULL),(8,'oh what is this working',NULL,'2020-03-27 05:40:05',5,1,NULL),(9,'ok here we go!',NULL,'2020-03-27 05:41:02',5,1,1),(10,'MY THREAD NOW HAHAHA ',NULL,'2020-03-28 02:07:33',9,3,1),(11,'I am going to always post my mind',NULL,'2020-03-28 02:26:38',9,3,0),(12,'i am a cat',NULL,'2020-03-28 02:21:54',9,3,1);
/*!40000 ALTER TABLE `replies` ENABLE KEYS */;
UNLOCK TABLES;

--
-- Table structure for table `users`
--

DROP TABLE IF EXISTS `users`;
/*!40101 SET @saved_cs_client     = @@character_set_client */;
/*!40101 SET character_set_client = utf8 */;
CREATE TABLE `users` (
  `userNo` int(11) NOT NULL AUTO_INCREMENT,
  `firstName` varchar(255) COLLATE utf8mb4_unicode_ci NOT NULL,
  `lastName` varchar(255) COLLATE utf8mb4_unicode_ci NOT NULL,
  `pass` varchar(255) COLLATE utf8mb4_unicode_ci NOT NULL,
  `email` varchar(255) COLLATE utf8mb4_unicode_ci DEFAULT NULL,
  `username` varchar(255) COLLATE utf8mb4_unicode_ci DEFAULT NULL,
  `img` blob DEFAULT NULL,
  `status` bit(1) DEFAULT NULL,
  PRIMARY KEY (`userNo`)
) ENGINE=InnoDB AUTO_INCREMENT=4 DEFAULT CHARSET=utf8mb4 COLLATE=utf8mb4_unicode_ci;
/*!40101 SET character_set_client = @saved_cs_client */;

--
-- Dumping data for table `users`
--

LOCK TABLES `users` WRITE;
/*!40000 ALTER TABLE `users` DISABLE KEYS */;
INSERT INTO `users` VALUES (1,'admin','admin','admin','admin@admin.com','admin',NULL,''),(2,'quinn','wright','sdsdfa','quinn@quinn.com','quinnlol',NULL,''),(3,'Luna','Wright','cat','luna@cat.org','imaCAT','\0C\0\n\r	\n\n\r\r\Z\Z\Z\0C\Z\Z\Z\Z\Z\Z\Z\Z\Z\Z\Z\Z\Z\Z\Z\Z\Z\Z\Z\Z\Z\Z\Z\Z\Z\Z\Z\Z\Z\Z\Z\Z\Z\Z\Z\Z\Z\Z\Z\Z\Z\Z\Z\Z\Z\Z\Z\Z\Z\Z\Z\0\0\0\"\0\0\0\0\0\0\0\0\0\0\0\0\0\0\0\0<\0\0\0\0!1A\"Qaq2#BR$3Cb4rS\0\0\0\0\0\0\0\0\0\0\0\0\01\0	\0\0\0\0\0\0!1AQ\"aq#23\0\0\0?\0KMPH3\Zz^C,T)e.;_YIdR)hKeO\r*v{[&{E&QCW®v#qU<\"Y2:\"75R[pq(\rƶUjwG$m3(]{E2kMUM$E3+;A`ml0t&SRg?xg0`ƶ./\n~JJ2ʝRg\\n\nL-?\nVM!B2UG֐*7cJECӹkPm>Q*}0Q&jL9;~cm\r{n{GY]%DS#M\0;ַpHW%\nt(	4sJ,h*B!$\\wƵ.ӟU\nX]BMpY^S=67/JQt[\\S	\\(m_ܜi2Z،uTFF\"8c$YWQD\0kc<:2HH\0B+Q9EI[˖O\Z^rcSo	{a1^ٷP{9a>,o2{7}𱺕>Tb=b8JmDk>_2Y>cS4F6Tk%[=UGj=S2-kY>A\nMCK\ZKU~/{	cu=A<xgf>X/XUS׸i՝8 %iFq.aYi)\07 n0UՐUUELt Fc*xsxC_{y-)ehs ,d\0`vߜ+L7r$I\'Cn-U:6YRZUvoy\Z|:U\"s1`m߸S|xi[SԣsǮ5sRȱ:\\\ZCn܍m׷Hʙ+~ͺC2|(gsߒUr¾Zn	n|KU]ղi_\"\")cZ׹Vnw(2-$K<scB@ӵlf<+m\"z?sLrj\'xU+]	#х,5=\Zy0<Zt-ԑ|?cJ]AWZ VRg+G@S2	i6+]0K+եM*~!f̗VUYcOԕZ5zx\"A>e)\ZZUUR/@m+sM(0\n\0>e&ݣ46pyԹt΄yǮV_9zmMR,`^GT)[/n3Yj2JMqTG.smߜrzUItZ\0X`u\rSG Gw7Fdqȧ-zڔ)v\0p15#%M\"X|TLފ9k{c.+x3|\'1\Zcj9;ȗ[G=Fg-OG5Ns[c|D5Mp7[:iA*B#.]A;/\n~*YԮT-l*s4j-wKh\'0vyYEKjeo{CG2,IgPI\0I|,=EI\",&\0k\"MG,0\Z4 Em»{d;?=*&\rDn!N*iY)0yI#IN[R<P%Hl6$nny:3܍a`S\"/qb}z~)̮urv\nx\0^Zݷo<I,<zK(E2Hkak;\Z)\'՚u5N_E%غI.u(H]pr1zNxdG\nUjlk1&V;όeM}-}+yS\0{a\'2SU\ZUb4!܀x/U=,iFxnʋIapyƨrXفA6=\':uk(ؘҲi9t\0L}M<e5ma(\0	vsǣh\n9\Z+*\0)rIo2%<s|IYjQ\0bG{c:C|L\0,LՑ\0؝?I5&y%V^5i~>Y4NEb5(y\'zQ)jVl`B&ğl<|U%}Pwe&U`s{`y\'\"\\(F\0lI꺼14Cu	3_\0p=w7h(z2ȂeHXz\\!3X	IC[MCO!撢&zSj$3JHU]ۏ|RƲP1}\0W7\0/X۞3?_(r9DčU\\5.J*DpUx%N5Mc@c,5M#{2r7zʘNl\0B{soOL0UWFKM	\"9Ћ\rڭǦcיh/PG:I{3#\"B=7:աzmP-z|v$1a!|hcIiĴcaNUN[Ő-\\,Y\n-ʃv\r.ܕUbf_T\ZoY7:݁&ܾj`<\0.A\08eD@dVeжuS[kp;\0iQFnϊ̾C0C9wb{O[aYWFeKR\ZiF	?+T) ^5#ͧo\rC_KG9U/ɯHЄ	mA@\"k%@]GZÃ$_HQ;\'`;$;dˏ2$[#zr$@#xĝ^B`5bS Tf6Ul8ff\",6؃ks_2GT-roM͐Cg~!#>2]Yp 4%obl3V>hp-k\0?3\n.Tے=CV|4\"yȍ>j:jZYV\0H(,F7R\0/6$pF(Ti\'d,K)?E@+@C=t壅Aag\Zt;bCYQ;,I,jZjiX\Z=uRJ*=@KyFߓ</8+Nj4ƥ	*A7Gi}b^D\ZKf1H_8#[Q&H YfK&[,<pfC}nR,Y]?;.6>8NbIc\'Y$}c\n:zhZ*sR\ZU_(?B\0LwUDlF#H[v\\͒HeKQF#mǯ\rDja5Ǒ߂5̠DtwX\0HZw%Ffrv\'|R>\Z-8I̀O?1fEqp~Il8Jg:\0	w2*S*1f3,$%̟0ʪZfg\"F<}oTChI\0b(\\ܝ14K1\n#u1!i4Ә;1=ۋllDE]\"F早|_Cf457}L${PaLz\0	\Z6X}<B)EyQl\\CvGpopP)Q$ַ\\mpl 7UMVLiGmΝ@skͻԴ?^Zzפ]4?i\',׸}1Bnxqu?l6!|XD6\nZĭ\0asYO\'߰ú\'~;g^?eNi;m|GwZ\nЎ2s{bvre\Z`=KKDKVrd+K݅||$^\Z#!eco6M=NmW{SAJw$5(oO5\'bx](r\ZJ!}pNua\r5ZR\Ziy4tK[F>3e &:QȽ罹&\"Et2˦śOi\"L55{G#ZP{_{yPJ\'^Grϭ{Ue\0p!8J3H)j[+<46ܝ>j)|7hi;T`DN׹/ssܣ2z*:8-J5a͸ӣ:os5}Ŕ? 	r8v:AkQGQ\Z,?SpoZӴAX])G,.5UO	\0N\\Yc>vz&cvbvbob1M\'6\"|CW:̲&o<;A÷UYFtU>c9l85Sk\\b]6c ,LCFcH\n/ͭ1KUMEsM@s]SgUjZҫ5Evl>=3KeQΉO[r1\\1NSOR[C<q7#Y6{cYYuyTi)_i..GV$%KAIkpk(WI2|Z)Q(Ь\0ykm|{,u#H;Vl,9lD)A\0\"V}<\\bc<ex]icȊE\'|Nigc\"11:>¥m\'!-cUJu\0}\\\0=qDiy>*-V?R\"ZĞlq5*ki#U1Z`i;jCcU\0@\'\ZZ0u:\r+hNDk[\0u\0=)|*\\s~!Su4յPd1]eK]^Ѥ	؜S#E륊:ĞpUTHWUɓvwoS5+^&tI3,SSSH4[a\07-TJj*b!p@߮:w)&dTD<aMǛ~9⁣h\n,`i3o8zjL%Ϫf\ZWS	RoqCeԡDpe۾<)$E+kLRIT\Z\0Lzkb4tz\'Ӭ}64P}bz\'*lsrZIܾρ:$7\0̡:o8\\,TBFOno鉟L:|(SL5D~kl;0z߸6[Κ7ɲ:;¦	JȽml_c59QV0{H=1俅}?JPuٜrx4#!ٛmk\\X땁\n\nKL,7p=`	hUBif~QhIPGnGq|*ѫ\Z\'b13L;2J|chUmv)Fus7ldd\n$-{~ޘʡIN`ZbaĨ\r@U~EURZ\rD Zw#a/TC,&G>dՇǦ\Z4j!}IKsihZxh]dv큕ڝc͞Զ|%e !$!]B!Vq\ZX\\2-#{7<h.<gCc{\0ŘF7?{lTtC&o\"2)@l+..,1l!ZzO_:\Zśr=vc>8i`\0b2#ĩ\"[\ZǛ}1*<\Z%Q9\0;t%|D}H9@zW@uh&`sc\ru\rcMWY6ŭk`jua^}m5G2Ob{|Kux]fyG&\0.Ht!.$sg!@mM($6 {zĂElB-La6I6FG=i*TI_u\\~\0jV9ew즅Hi]|Qb}A@1=EqJڪ䆂bHIk`إjdPGVYH `\rě6-?lNybv7;:Q\rğ&ާ0m_3Q0jּoecw;؟eg5.A=cYR,VCrO:)X9Z8Mn9,LēS8N.*ۻ{\0<ҥ|겶2\n5K4WS<PjɡqO@-\rygc;xt-f]#KoQ؍#rXᚰ3=Ge@s&|Ʋ\\`*2`m7߽o\\pB0`.C!2;`z\"wh2*긪g?#rTGTn.?LQy+k:zU:	\09rj%F40F{XԯYZ0rp1,QR%[#xvٮ{SnJ\0$s_<{Y,u0h\Z7߰8XzK\0-QȪbfYLՐm0_fCG%Ą}wӼ-ƓC4TVx\0|rj22Ū_RwR#*ƈHApC6]mD`-\0	Ʃ9U\0r~ci2n8H笄$R\r[ܝQ4Y5+Ȗ˰kb+Z\"FH䏦>ouK\\JFޔUhJp8m=KL\"#IY5%9:}))h]\0lEUeGk\0l1]Z3QuMeb*DJeA]\\rlS~U-ZHSI\0@YF\0bqb\rS3TA]*yi\"IĵF?3c56!UmR\Z\Z9H}퀴]sW2>Ш4@ncir.˨&G0B!!-؀)꼗&j2JI)TH3<f\0o;N(\'`^\rf{HJTX~m07zi~N4.ܞcAk*˙\'5\0ߵž<8#\"m1PZ}w-P/gΜi2hMJ7by&?ODvp\'%|bc`H~^OI\rln417lbQ61>Dy;#&<smj\\<=>ɰ/k7{bfQU4	v͈l}*raRUW=915an52e\"(l?j<6\ZMy3/³fy<&f\0﵍Ǡzf\r9Cmw瑇*D|n)V80igBi\"k0c?|fSDa\0Ms`VlʕΔ&0VfSYD-\Z\0no%}ot&kA^i6?Ϸ8)W1fv1h\":uxz%pIΊ[鉌H`K,boWCh^Buyn<uc/\0y.{nN؊꿩Utݝ鲸KIXKOc-b	Cԕl	WPԴ.Y&}\rq~zGԥn57~r~kip\0WQ&%4cs|ͨja+,(T6Iƨ}qřI.aè#{9a#q$SP`} Aĵyr8衢)ZRK(pǩz\r:5PEb[t؏ėk6}p=\'oZ8$ j|HFQ-{qU<qfιӡ+Qqwmpw(`zd@ <\rmf:\"1̺!U;FrLQTD4)nY@XhS{vv8#ex@\0p}M3PҘU_\\-Xc2Xq^(i^66ۨvL!,]~ϩdjXZw-b]UٵJKS24FM+XW|ydy$\n(y۟N6	]yP:n,YUP0#S.jHY!c1fזBrH[k<R#QiV0Te+2$bQ/#=T`i_$wo(\'}cuM\rh@Gm8WO~}1*(BŇfwҤI6ڎj4GW!؆6}=m-lQY*&㴛9\0β\0žvNɩ4E$bbvrn0/P9:zഅ;\00.CWY*xl4FG\"ۏChb\\:z\\R8Ca \0}ķR{P)Y]/b,=En4Puej*~=Ǧ3i& ~y<ʪ7?o\\+͗GEW@Ҷ3!Z	Ei6]̡ΖigV}\0\r4U1	1l|Dꌾ	)?ؑ)\ZuZe>cdhtݦs7:mo_l>5:G0+[ч!c\0_GZBDܰ}qg\0W˷>b@lb\0Vz`*{~Y2Vm\Z؍b4ڃ^Bj%#p7\0eI	Rqu<-c<UITib\Z\ruP#\\*LJzǬ詤H93J*y4q{\Zq@h78xgB=$s|qE^-4sԸKدEanq[-U4m#`xMTyj%9\r=UB%k1۷{a!ɍt\\0jc&)\'w.7Mc6/&cMW] V\0f=FW+k}p[PX#mBlRX\rpN }*!I2e7\r%v)\rPcuŅ\"6}qdx4e-qL4qp5~	8Vr6ayp?\nE~LY$\'z`RtNwDrG kZAGד3khn$ĕ%\ngDcߌdC\0^Rfy뤦oE\Z! XGm:xV.@$jvkrvk\\fiRWI=T<3_qD|夭cd#q:\0t/ǋ%Mz4c:=B9^⩣R@\'m@oq>b釘!5`ucU{c.hXk*ّ%%ب?R5ҫ+d	^G&skPHM]r-qsJ\"^m#*MZ̧+(zX7gX@#6Ae7+\0P;aHb*{HC?y$3Hd 4`mp\r]PLK#E#~ToaϿ|W*[M?Tr܇CbmogY\0RJo`9=wFQ湒\0jעyJ6(zFA<IE,eH<X,Q8y4\r\\7q\nhhOh],.:mN[,O\rZދ\ZX)^+(;ΦfeUv<Jt]1$Q5usS:.1\rnwP,[,qيwqXPPr?=PZk$`JQUШ(}\095Dmqky?Uj$;؋<|sU+WƘٮ7m13d8\rjdc@b{M{1QJ`ڪ2WQT=Ig\r};?','');
/*!40000 ALTER TABLE `users` ENABLE KEYS */;
UNLOCK TABLES;
/*!40103 SET TIME_ZONE=@OLD_TIME_ZONE */;

/*!40101 SET SQL_MODE=@OLD_SQL_MODE */;
/*!40014 SET FOREIGN_KEY_CHECKS=@OLD_FOREIGN_KEY_CHECKS */;
/*!40014 SET UNIQUE_CHECKS=@OLD_UNIQUE_CHECKS */;
/*!40101 SET CHARACTER_SET_CLIENT=@OLD_CHARACTER_SET_CLIENT */;
/*!40101 SET CHARACTER_SET_RESULTS=@OLD_CHARACTER_SET_RESULTS */;
/*!40101 SET COLLATION_CONNECTION=@OLD_COLLATION_CONNECTION */;
/*!40111 SET SQL_NOTES=@OLD_SQL_NOTES */;

-- Dump completed on 2020-04-05 13:29:51
